id,title,start_date,end_date,is_published,retailer,category
388,Eolo quando vuoi,2020-08-01,2020-08-15,1,Eolo,Telefonia e Pay TV
390,Eolo professional expert,2020-08-02,2020-08-16,1,Eolo,Telefonia e Pay TV
392,Eolo quando vuoi,2020-08-03,2020-08-17,1,Eolo,Telefonia e Pay TV
393,Eolo professional smart,2020-08-04,2020-08-18,1,Eolo,Telefonia e Pay TV
394,Eolo super,2020-08-05,2020-08-19,1,Eolo,Telefonia e Pay TV
731,Eolo Easy,2020-08-06,2020-08-20,1,Eolo,Telefonia e Pay TV
732,Eolo professional plus,2020-08-07,2020-08-21,1,Eolo,Telefonia e Pay TV
278,Maxi formati,2020-08-08,2020-08-22,1,Penny Market,Discount
280,Maxi formati,2020-08-09,2020-08-23,1,Penny Market,Discount
281,Maxi formati,2020-08-10,2020-08-24,1,Penny Market,Discount
283,Maxi formati,2020-08-11,2020-08-25,1,Penny Market,Discount
284,Maxi formati,2020-08-12,2020-08-26,1,Penny Market,Discount
286,Maxi formati,2020-08-13,2020-08-27,1,Penny Market,Discount
287,Maxi formati,2020-08-14,2020-08-28,1,Penny Market,Discount
290,Maxi formati,2020-08-15,2020-08-29,1,Penny Market,Discount
291,Maxi formati,2020-08-16,2020-08-30,1,Penny Market,Discount
292,Maxi formati,2020-08-17,2020-08-31,1,Penny Market,Discount
293,Maxi formati,2020-08-18,2020-09-01,1,Penny Market,Discount
295,Maxi formati,2020-08-19,2020-09-02,1,Penny Market,Discount
296,Maxi formati,2020-08-20,2020-09-03,1,Penny Market,Discount
297,Maxi formati,2020-08-21,2020-09-04,1,Penny Market,Discount
426,Prezzi bassi,2020-08-22,2020-09-05,1,Cadoro,Iper e super
653,Sottocosto,2020-08-23,2020-09-06,1,Carrefour Market,Iper e super
360,Offerte Iperfamily,2020-08-24,2020-09-07,1,IperFamily,Iper e super
361,Offerte Agorà,2020-08-25,2020-09-08,1,Agorà,Iper e super
362,Il gusto del risparmio,2020-08-26,2020-09-09,1,Iper Triscount,Iper e super
363,Il gusto del risparmio,2020-08-27,2020-09-10,1,Iper Triscount,Iper e super
376,Il grandi del risparmio,2020-08-28,2020-09-11,1,Pewex,Iper e super
377,Offerte matte,2020-08-29,2020-09-12,1,Sacoph,Iper e super
378,Offerte matte,2020-08-30,2020-09-13,1,Sacoph,Iper e super
379,Una primavera piena di qualit,2020-08-31,2020-09-14,1,Top Supermercati,Iper e super
380,Una primavera piena di qualit,2020-09-01,2020-09-15,1,Top Supermercati,Iper e super
549,La forza del risparmio,2020-09-02,2020-09-16,1,MA Supermercati,Iper e super
550,La forza del risparmio,2020-09-03,2020-09-17,1,MA Supermercati,Iper e super
551,La forza del risparmio,2020-09-04,2020-09-18,1,MA Supermercati,Iper e super
552,La forza del risparmio,2020-09-05,2020-09-19,1,MA Supermercati,Iper e super
553,La forza del risparmio,2020-09-06,2020-09-20,1,MA Supermercati,Iper e super
554,La forza del risparmio,2020-09-07,2020-09-21,1,MA Supermercati,Iper e super
652,Il tuo Simply Market diventa Auchan supermercato,2020-09-08,2020-09-22,1,Auchan,Iper e super
746,TIM Young senza limiti Web Edition,2020-09-09,2020-09-23,1,TIM,Elettronica
748,Entra in TIM,2020-09-10,2020-09-24,1,TIM,Elettronica
764,Mobile open 6 GB,2020-09-11,2020-09-25,1,Tiscali Casa,Telefonia e Pay TV
765,Ultra fibra giga affari,2020-09-12,2020-09-26,1,Tiscali Casa,Telefonia e Pay TV
766,Mobile open 6 Gb affari,2020-09-13,2020-09-27,1,Tiscali Casa,Telefonia e Pay TV
21,Offertissime di primavera,2020-09-14,2020-09-28,1,A&O,Iper e super
22,Grande concorso,2020-09-15,2020-09-29,1,MD,Discount
23,Grande concorso,2020-09-16,2020-09-30,1,MD,Discount
24,Grande concorso,2020-09-17,2020-10-01,1,MD,Discount
25,Grande concorso,2020-09-18,2020-10-02,1,MD,Discount
26,Grande concorso,2020-09-19,2020-10-03,1,MD,Discount
27,Grande concorso,2020-09-20,2020-10-04,1,MD,Discount
28,Grande concorso,2020-09-21,2020-10-05,1,MD,Discount
29,Grande concorso,2020-09-22,2020-10-06,1,MD,Discount
30,Grande concorso,2020-09-23,2020-10-07,1,MD,Discount
20,Una bella stagione di offerte,2020-09-24,2020-10-08,1,A&O,Iper e super
821,Offerte valide fino al 19 maggio,2020-09-25,2020-10-09,1,Angel Mercatone,Cura casa e corpo
819,Nuova collezione kids e pets,2020-09-26,2020-10-10,1,Divani & Divani,Arredamento
820,Aa OFFERTE,2020-09-27,2020-10-11,0,GrandVision,Salute e Benessere
818,Maggio/giugno,2020-09-28,2020-10-12,1,+Bene,Salute e Benessere
807,"Tutto per costruire, ristrutturare e fare manutenzione!",2020-09-29,2020-10-13,1,Bricoman,Bricolage
808,"Tutto per costruire, ristrutturare e fare manutenzione!",2020-09-30,2020-10-14,1,Bricoman,Bricolage
809,"Tutto per costruire, ristrutturare e fare manutenzione!",2020-10-01,2020-10-15,1,Bricoman,Bricolage
810,"Tutto per costruire, ristrutturare e fare manutenzione!",2020-10-02,2020-10-16,1,Bricoman,Bricolage
811,"Tutto per costruire, ristrutturare e fare manutenzione!",2020-10-03,2020-10-17,1,Bricoman,Bricolage
812,"Tutto per costruire, ristrutturare e fare manutenzione!",2020-10-04,2020-10-18,1,Bricoman,Bricolage
813,"Tutto per costruire, ristrutturare e fare manutenzione!",2020-10-05,2020-10-19,1,Bricoman,Bricolage
814,"Tutto per costruire, ristrutturare e fare manutenzione!",2020-10-06,2020-10-20,1,Bricoman,Bricolage
815,"Tutto per costruire, ristrutturare e fare manutenzione!",2020-10-07,2020-10-21,1,Bricoman,Bricolage
816,"Tutto per costruire, ristrutturare e fare manutenzione!",2020-10-08,2020-10-22,1,Bricoman,Bricolage
817,"Tutto per costruire, ristrutturare e fare manutenzione!",2020-10-09,2020-10-23,1,Bricoman,Bricolage
15,3x2,2020-10-10,2020-10-24,1,Prix,Discount
16,3x2,2020-10-11,2020-10-25,1,Prix,Discount
17,3x2,2020-10-12,2020-10-26,1,Prix,Discount
18,3x2,2020-10-13,2020-10-27,1,Prix,Discount
19,3x2,2020-10-14,2020-10-28,1,Prix,Discount
7,-50% su tanti prodotti,2020-10-15,2020-10-29,1,Conad,Iper e super
12,-50% su tanti prodotti,2020-10-16,2020-10-30,1,Conad,Iper e super
13,3x2,2020-10-17,2020-10-31,1,Prix,Discount
14,3x2,2020-10-18,2020-11-01,1,Prix,Discount
49,Sotto costo,2020-10-19,2020-11-02,1,Margherita Conad,Iper e super
70,Sotto costo,2020-10-20,2020-11-03,1,Conad City,Iper e super
93,-50% su tanti prodotti,2020-10-21,2020-11-04,1,Conad Superstore,Iper e super
646,Speciale benessere,2020-10-22,2020-11-05,1,Basko,Iper e super
1,Dpiu Fresco,2020-10-23,2020-11-06,1,Dpiu,Discount
2,Dal 2 al 15 maggio 2018,2020-10-24,2020-11-07,1,Diper Spesa,Iper e super
648,Sottocosto,2020-10-25,2020-11-08,1,Basko,Iper e super
3,Grandi marche in festa!,2020-10-26,2020-11-09,1,Ok Market,Iper e super
389,Eolo easy,2020-10-27,2020-11-10,1,Eolo,Telefonia e Pay TV
391,Eolo professional plus,2020-10-28,2020-11-11,1,Eolo,Telefonia e Pay TV
755,Crazy day,2020-10-29,2020-11-12,1,Wind,Elettronica
242,Sotto costo,2020-10-30,2020-11-13,1,Simply Market,Iper e super
243,Sotto costo,2020-10-31,2020-11-14,1,Simply Market,Iper e super
244,Sotto costo,2020-11-01,2020-11-15,1,Punto Simply,Iper e super
245,Sotto costo,2020-11-02,2020-11-16,1,Simply Market,Iper e super
246,Sotto costo,2020-11-03,2020-11-17,1,Simply Market,Iper e super
332,Iper Anniversario,2020-11-04,2020-11-18,1,Iperfamila,Iper e super
333,Offerte CTS Supermercati,2020-11-05,2020-11-19,1,CTS Supermercati,Iper e super
340,Le offerte di Effepiù,2020-11-06,2020-11-20,1,Effepiù,Iper e super
341,Sbocciano le offerte!,2020-11-07,2020-11-21,1,Idromarket,Iper e super
342,Sbocciano le offerte!,2020-11-08,2020-11-22,1,Idromarket,Iper e super
348,Grandi offerte,2020-11-09,2020-11-23,1,Il Castoro,Iper e super
349,Grandi offerte,2020-11-10,2020-11-24,1,Il Castoro,Iper e super
350,Grandi offerte,2020-11-11,2020-11-25,1,Il Castoro,Iper e super
351,Grandi offerte,2020-11-12,2020-11-26,1,Il Castoro,Iper e super
355,Il gusto del risparmio!,2020-11-13,2020-11-27,1,Ipercarni,Iper e super
356,Il gusto del risparmio!,2020-11-14,2020-11-28,1,Ipercarni,Iper e super
357,Il gusto del risparmio!,2020-11-15,2020-11-29,1,Ipercarni,Iper e super
359,Offerte Pim,2020-11-16,2020-11-30,1,Pim,Iper e super
57,Il risparmio garantito!,2020-11-17,2020-12-01,1,PuntoDì,Discount
65,Sotto costo,2020-11-18,2020-12-02,1,Conad City,Iper e super
67,Sotto costo,2020-11-19,2020-12-03,1,Conad City,Iper e super
68,Sotto costo,2020-11-20,2020-12-04,1,Conad City,Iper e super
69,Sotto costo,2020-11-21,2020-12-05,1,Conad City,Iper e super
71,Sotto costo,2020-11-22,2020-12-06,1,Conad City,Iper e super
73,Sotto costo,2020-11-23,2020-12-07,1,Conad City,Iper e super
87,Offerte valide dal 2 al 12 maggio 2018,2020-11-24,2020-12-08,1,Qui Discount,Discount
105,Offerte speciali per te mamma,2020-11-25,2020-12-09,1,Proshop,Cura casa e corpo
221,Dal 2 al 12 maggio,2020-11-26,2020-12-10,1,Ferdico,Cura casa e corpo
228,Sotto costo,2020-11-27,2020-12-11,1,Conad City,Iper e super
229,Sotto costo,2020-11-28,2020-12-12,1,Conad City,Iper e super
230,Sotto costo,2020-11-29,2020-12-13,1,Conad City,Iper e super
294,Offerte valide dal 3 al 12 maggio 2018,2020-11-30,2020-12-14,1,Smoll,Cura casa e corpo
298,Tempo di risparmio!,2020-12-01,2020-12-15,1,Kanguro,Iper e super
302,Sottocosto,2020-12-02,2020-12-16,1,Oasi,Iper e super
304,Sottocosto,2020-12-03,2020-12-17,1,Oasi,Iper e super
344,1+1 gratis,2020-12-04,2020-12-18,1,Sidis,Iper e super
396,Offerte Marketpiù,2020-12-05,2020-12-19,1,Marketpiù,Iper e super
654,1+1,2020-12-06,2020-12-20,1,Punto Simply,Iper e super
704,Al costo,2020-12-07,2020-12-21,1,Pam,Iper e super
705,Al costo,2020-12-08,2020-12-22,1,Meta',Iper e super
4,Sconti al 50%,2020-12-09,2020-12-23,1,Conad,Iper e super
5,Sconti al 50%,2020-12-10,2020-12-24,1,Conad,Iper e super
6,Sconti al 50%,2020-12-11,2020-12-25,1,Conad,Iper e super
10,Sconti al 50%,2020-12-12,2020-12-26,1,Conad,Iper e super
31,I sottofreschi,2020-12-13,2020-12-27,1,MD,Discount
32,Grande concorso,2020-12-14,2020-12-28,1,MD,Discount
33,Grande concorso,2020-12-15,2020-12-29,1,MD,Discount
34,Dal 2 al 13 maggio 2018,2020-12-16,2020-12-30,1,MD,Discount
35,Dal 2 al 13 maggio 2018,2020-12-17,2020-12-31,1,MD,Discount
36,Dal 2 al 13 maggio 2018,2020-12-18,2021-01-01,1,MD,Discount
37,Dal 2 al 13 maggio 2018,2020-12-19,2021-01-02,1,MD,Discount
38,Grande concorso,2020-12-20,2021-01-03,1,MD,Discount
39,Riaprono completamente rinnovati,2020-12-21,2021-01-04,1,MD,Discount
40,Riapre completamente rinnovato,2020-12-22,2021-01-05,1,MD,Discount
54,Prendi 2 paghi 1,2020-12-23,2021-01-06,1,Sidis,Iper e super
56,Prendi 2 paghi 1,2020-12-24,2021-01-07,1,Dimeglio,Iper e super
58,Dal 2 al 13 maggio 2018,2020-12-25,2021-01-08,1,Nonna Isa,Iper e super
59,Dal 2 al 13 maggio 2018,2020-12-26,2021-01-09,1,Nonna Isa,Iper e super
60,Dal 2 al 13 maggio 2018,2020-12-27,2021-01-10,1,Nonna Isa,Iper e super
61,1+1,2020-12-28,2021-01-11,1,Sidis,Iper e super
62,1+1,2020-12-29,2021-01-12,1,Sidis,Iper e super
88,Sotto costo,2020-12-30,2021-01-13,1,Panorama,Iper e super
89,Sotto costo,2020-12-31,2021-01-14,1,Panorama,Iper e super
92,Sconti al 50%,2021-01-01,2021-01-15,1,Conad Superstore,Iper e super
94,Sconti al 50%,2021-01-02,2021-01-16,1,Conad Superstore,Iper e super
96,Sconti al 50%,2021-01-03,2021-01-17,1,Conad Superstore,Iper e super
99,Offerte Conad Superstore,2021-01-04,2021-01-18,1,Conad Superstore,Iper e super
101,Offerte Conad Superstore,2021-01-05,2021-01-19,1,Conad Superstore,Iper e super
106,Super offerte per un mega risparmio,2021-01-06,2021-01-20,1,Gran Risparmio,Iper e super
224,Sempre piu' risparmio,2021-01-07,2021-01-21,1,Contè,Iper e super
232,Sconti fino al 50%,2021-01-08,2021-01-22,1,Conad,Iper e super
233,Sconti fino al 50%,2021-01-09,2021-01-23,1,Conad,Iper e super
234,Sconti fino al 50%,2021-01-10,2021-01-24,1,Conad,Iper e super
235,Sconti fino al 50% CIA,2021-01-11,2021-01-25,1,Conad Superstore,Iper e super
236,Sconti fino al 50% CIA,2021-01-12,2021-01-26,1,Conad Superstore,Iper e super
238,Sconti fino al 50% CIA,2021-01-13,2021-01-27,1,Conad Superstore,Iper e super
239,Mega risparmio,2021-01-14,2021-01-28,1,Conad Ipermercato,Iper e super
240,Mega risparmio,2021-01-15,2021-01-29,1,Conad Ipermercato,Iper e super
241,Mega risparmio,2021-01-16,2021-01-30,1,Conad Ipermercato,Iper e super
253,"Tutto a 0,98 ...e tante altre offerte!",2021-01-17,2021-01-31,1,Mercatò Local,Iper e super
254,"Tutto a 0,98 ...e tante altre offerte!",2021-01-18,2021-02-01,1,Maxisconto,Iper e super
256,Battiamo i prezzi!,2021-01-19,2021-02-02,1,Bigstore,Iper e super
260,Protagonisti del risparmio,2021-01-20,2021-02-03,1,Interspar,Iper e super
266,Protagonisti del risparmio,2021-01-21,2021-02-04,1,Interspar,Iper e super
334,Dal 2 al 13 maggio 2018,2021-01-22,2021-02-05,1,Todis,Discount
335,Dal 2 al 13 maggio,2021-01-23,2021-02-06,1,Todis,Discount
336,Dal 2 al 13 maggio,2021-01-24,2021-02-07,1,Todis,Discount
337,Dal 2 al 13 maggio,2021-01-25,2021-02-08,1,Todis,Discount
338,Dal 2 al 13 maggio,2021-01-26,2021-02-09,1,Todis,Discount
339,Dal 2 al 13 maggio,2021-01-27,2021-02-10,1,Todis,Discount
372,Offerte Maxipiù,2021-01-28,2021-02-11,1,Maxipiù,Iper e super
373,Prezzi tagliati,2021-01-29,2021-02-12,1,Sigma,Iper e super
384,Sconti fino al 50%,2021-01-30,2021-02-13,1,Futura,Iper e super
385,Sconti fino al 50%,2021-01-31,2021-02-14,1,Futura,Iper e super
386,Sconti fino al 50%,2021-02-01,2021-02-15,1,Futura,Iper e super
397,Sconti fino al 50% sulle grandi marche,2021-02-02,2021-02-16,1,Crai,Iper e super
398,Sconti fino al 50% sulle grandi marche,2021-02-03,2021-02-17,1,Crai,Iper e super
399,Sconti fino al 50% sulle grandi marche,2021-02-04,2021-02-18,1,Crai,Iper e super
400,Sconti fino al 50% sulle grandi marche,2021-02-05,2021-02-19,1,Crai,Iper e super
401,Sconti fino al 50% sulle grandi marche,2021-02-06,2021-02-20,1,Crai,Iper e super
431,Sconti fino al 50% sulle grandi marche,2021-02-07,2021-02-21,1,Pellicano,Iper e super
433,1+1,2021-02-08,2021-02-22,1,Dimeglio,Iper e super
434,1+1,2021-02-09,2021-02-23,1,Dimeglio,Iper e super
444,Milano Food Week dal 7 al 13 maggio,2021-02-10,2021-02-24,1,Milano Food Week,Eventi speciali
450,Sottocosto,2021-02-11,2021-02-25,1,Carrefour Market,Iper e super
451,Sottocosto,2021-02-12,2021-02-26,1,Carrefour Market,Iper e super
452,Sottocosto,2021-02-13,2021-02-27,1,Carrefour Market,Iper e super
453,Sottocosto,2021-02-14,2021-02-28,1,Carrefour Market,Iper e super
454,Sottocosto,2021-02-15,2021-03-01,1,Carrefour Market,Iper e super
455,Sottocosto,2021-02-16,2021-03-02,1,Carrefour Market,Iper e super
456,Sottocosto,2021-02-17,2021-03-03,1,Carrefour Market,Iper e super
457,Sottocosto,2021-02-18,2021-03-04,1,Carrefour Market,Iper e super
458,Sottocosto,2021-02-19,2021-03-05,1,Carrefour Market,Iper e super
459,Sottocosto,2021-02-20,2021-03-06,1,Carrefour Market,Iper e super
460,Un risparmio imbattibile,2021-02-21,2021-03-07,1,Carrefour Market,Iper e super
461,Sottocosto,2021-02-22,2021-03-08,1,Carrefour Market,Iper e super
462,Sottocosto,2021-02-23,2021-03-09,1,Carrefour Market,Iper e super
463,Sottocosto,2021-02-24,2021-03-10,1,Carrefour Market,Iper e super
464,Sottocosto,2021-02-25,2021-03-11,1,Carrefour Market,Iper e super
465,Sottocosto,2021-02-26,2021-03-12,1,Carrefour Market,Iper e super
466,Sottocosto,2021-02-27,2021-03-13,1,Carrefour Market,Iper e super
467,Sottocosto,2021-02-28,2021-03-14,1,Carrefour Market,Iper e super
468,Sottocosto,2021-03-01,2021-03-15,1,Carrefour Market,Iper e super
469,Sottocosto,2021-03-02,2021-03-16,1,Carrefour Market,Iper e super
470,Sottocosto,2021-03-03,2021-03-17,1,Carrefour Market,Iper e super
471,Sottocosto,2021-03-04,2021-03-18,1,Carrefour Market,Iper e super
472,Sottocosto,2021-03-05,2021-03-19,1,Carrefour Market,Iper e super
473,Sottocosto,2021-03-06,2021-03-20,1,Carrefour Market,Iper e super
474,Sottocosto,2021-03-07,2021-03-21,1,Carrefour Market,Iper e super
475,Sottocosto,2021-03-08,2021-03-22,1,Carrefour Market,Iper e super
476,Sottocosto,2021-03-09,2021-03-23,1,Carrefour Market,Iper e super
477,Sottocosto,2021-03-10,2021-03-24,1,Carrefour Market,Iper e super
478,Sottocosto,2021-03-11,2021-03-25,1,Carrefour Market,Iper e super
479,Sconti fino al 50%,2021-03-12,2021-03-26,1,Crai,Iper e super
481,Sconti fino al 50%,2021-03-13,2021-03-27,1,Crai,Iper e super
486,Sconti fino al 50%,2021-03-14,2021-03-28,1,Crai,Iper e super
490,Ti ricopre d'oro,2021-03-15,2021-03-29,1,Crai,Iper e super
556,Offerta valida dal 30 aprile al 13 maggio 2018,2021-03-16,2021-03-30,1,Zona,Iper e super
557,Offerta valida dal 30 aprile al 13 maggio 2018,2021-03-17,2021-03-31,1,Zona,Iper e super
558,Offerta valida dal 30 aprile al 13 maggio 2018,2021-03-18,2021-04-01,1,Zona,Iper e super
567,Sottoprezzi,2021-03-19,2021-04-02,1,Lidl,Discount
570,Mangia bene vivi meglio!,2021-03-20,2021-04-03,1,Prezzemolo & Vitale,Iper e super
629,Il risparmio che frutta,2021-03-21,2021-04-04,1,Fortè Hard Discount,Discount
643,1+1,2021-03-22,2021-04-05,1,Dimeglio,Iper e super
724,A tutta griglia,2021-03-23,2021-04-06,1,Aldi,Discount
729,Il nostro impegno ti garantisce sempre più convenienza,2021-03-24,2021-04-07,1,Al Discount,Discount
772,Festa della Mamma,2021-03-25,2021-04-08,1,America Graffiti,Ristoranti
650,Dal 30 aprile al 14 maggio,2021-03-26,2021-04-09,1,Sidis,Iper e super
706,Offerte Ipercoop,2021-03-27,2021-04-10,1,Ipercoop,Iper e super
707,Offerte incredibili,2021-03-28,2021-04-11,1,Despar,Iper e super
708,Dal 4 al 14 maggio 2018,2021-03-29,2021-04-12,1,Despar,Iper e super
709,Offerte incredibili,2021-03-30,2021-04-13,1,Despar,Iper e super
710,Dal 4 al 14 maggio 2018,2021-03-31,2021-04-14,1,Despar,Iper e super
711,Dal 4 al 14 maggio 2018,2021-04-01,2021-04-15,1,Despar,Iper e super
712,Gran risparmio,2021-04-02,2021-04-16,1,Non Solo Cash,Iper e super
714,Gran risparmio,2021-04-03,2021-04-17,1,Iper Super Conveniente,Iper e super
716,Dal 4 al 14 maggio 2018,2021-04-04,2021-04-18,1,R7 Supermercati,Iper e super
726,Tanti prodotti a €0.99,2021-04-05,2021-04-19,1,A&O,Iper e super
738,Tutto il buono in tavola,2021-04-06,2021-04-20,1,Amodio,Iper e super
774,A tutta convenienza,2021-04-07,2021-04-21,1,Decò,Iper e super
775,Prendi 2 paghi 1,2021-04-08,2021-04-22,1,Decò,Iper e super
776,Prendi 2 paghi 1,2021-04-09,2021-04-23,1,Decò,Iper e super
777,Che prezzo!,2021-04-10,2021-04-24,1,Decò,Iper e super
778,"Abbaimo alzato la qualità, abbasando i prezzi!",2021-04-11,2021-04-25,1,Decò,Iper e super
779,Per te solo qualità e gusto,2021-04-12,2021-04-26,1,Decò,Iper e super
782,Entra in scena la convenienza,2021-04-13,2021-04-27,1,Decò,Iper e super
783,Entra in scena la convenienza,2021-04-14,2021-04-28,1,Decò,Iper e super
784,Entra in scena la convenienza,2021-04-15,2021-04-29,1,Decò,Iper e super
785,Entra in scena la convenienza,2021-04-16,2021-04-30,1,Decò,Iper e super
786,Entra in scena la convenienza,2021-04-17,2021-05-01,1,Decò,Iper e super
788,Grande convenienza!,2021-04-18,2021-05-02,1,Sigma,Iper e super
789,Grande convenienza!,2021-04-19,2021-05-03,1,Sigma,Iper e super
790,Gran risparmio!,2021-04-20,2021-05-04,1,Sigma,Iper e super
791,Grande convenienza!,2021-04-21,2021-05-05,1,Sigma,Iper e super
792,Sconti fino al 50%,2021-04-22,2021-05-06,1,Sidis,Iper e super
794,Sconti fino al 50%,2021-04-23,2021-05-07,1,Sidis,Iper e super
795,Sconti fino al 50%,2021-04-24,2021-05-08,1,Qui Conviene,Iper e super
796,Sconti fino al 50%,2021-04-25,2021-05-09,1,Sidis,Iper e super
797,Sconti fino al 50%,2021-04-26,2021-05-10,1,Qui Conviene,Iper e super
798,Sconti fino al 50%,2021-04-27,2021-05-11,1,Sidis,Iper e super
799,Sconti fino al 50%,2021-04-28,2021-05-12,1,InGrosso,Iper e super
63,Al costo,2021-04-29,2021-05-13,1,Pam,Iper e super
64,Offerte al costo,2021-04-30,2021-05-14,1,Meta',Iper e super
231,1+1,2021-05-01,2021-05-15,1,Mersì,Iper e super
247,I giorni della convenienza,2021-05-02,2021-05-16,1,Unes,Iper e super
248,Grandi sconti,2021-05-03,2021-05-17,1,Il Centro Superstore,Iper e super
263,A tutto risparmio,2021-05-04,2021-05-18,1,Eurospar,Iper e super
269,A tutto risparmio,2021-05-05,2021-05-19,1,Eurospar,Iper e super
324,Sottoprezzo,2021-05-06,2021-05-20,1,Famila,Iper e super
325,Sottoprezzo,2021-05-07,2021-05-21,1,Famila,Iper e super
326,Sottoprezzo,2021-05-08,2021-05-22,1,Famila,Iper e super
327,Sottoprezzo,2021-05-09,2021-05-23,1,Famila,Iper e super
329,Offertissime di primavera,2021-05-10,2021-05-24,1,Famila,Iper e super
369,Sottocosto,2021-05-11,2021-05-25,1,D'Italy,Discount
370,Sottocosto,2021-05-12,2021-05-26,1,Ecu,Discount
405,Dal 3 al 15 maggio,2021-05-13,2021-05-27,1,L'Economy,Iper e super
423,Sotto costo,2021-05-14,2021-05-28,1,Italmark,Iper e super
435,1+1 gratis,2021-05-15,2021-05-29,1,Mio Mercato,Iper e super
536,Conviene,2021-05-16,2021-05-30,1,Coop,Iper e super
537,Conviene,2021-05-17,2021-05-31,1,Coop,Iper e super
571,100% rimborso sul 2 pezzo,2021-05-18,2021-06-01,1,Carrefour Express,Iper e super
572,100% rimborso sul 2 pezzo,2021-05-19,2021-06-02,1,Carrefour Express,Iper e super
573,100% rimborso sul 2 pezzo,2021-05-20,2021-06-03,1,Carrefour Express,Iper e super
574,100% rimborso sul 2 pezzo,2021-05-21,2021-06-04,1,Carrefour Express,Iper e super
575,100% rimborso sul 2 pezzo,2021-05-22,2021-06-05,1,Carrefour Express,Iper e super
576,100% rimborso sul 2 pezzo,2021-05-23,2021-06-06,1,Carrefour Express,Iper e super
577,100% rimborso sul 2 pezzo,2021-05-24,2021-06-07,1,Carrefour Express,Iper e super
578,100% rimborso sul 2 pezzo,2021-05-25,2021-06-08,1,Carrefour Express,Iper e super
579,100% rimborso sul 2 pezzo,2021-05-26,2021-06-09,1,Carrefour Express,Iper e super
580,100% rimborso sul 2 pezzo,2021-05-27,2021-06-10,1,Carrefour Express,Iper e super
581,100% rimborso sul 2 pezzo,2021-05-28,2021-06-11,1,Carrefour Express,Iper e super
582,100% rimborso sul 2 pezzo,2021-05-29,2021-06-12,1,Carrefour Express,Iper e super
583,Sconti fino al 50%,2021-05-30,2021-06-13,1,Madis,Iper e super
584,Sconti fino al 50%,2021-05-31,2021-06-14,1,Madis,Iper e super
595,Sconti fino al 50% sulle grandi marche,2021-06-01,2021-06-15,1,Crai,Iper e super
717,Promozione dal 4 al 15 maggio 2018,2021-06-02,2021-06-16,1,Nonna Isa,Iper e super
718,Promozione dal 4 al 15 maggio 2018,2021-06-03,2021-06-17,1,Nonna Isa,Iper e super
719,Promozione dal 4 al 15 maggio 2018,2021-06-04,2021-06-18,1,Nonna Isa,Iper e super
720,Promozione dal 4 al 15 maggio 2018,2021-06-05,2021-06-19,1,Nonna Isa,Iper e super
721,Promozione dal 4 al 15 maggio 2018,2021-06-06,2021-06-20,1,Nonna Isa,Iper e super
735,Mobile freedom,2021-06-07,2021-06-21,1,Fastweb,Elettronica
767,Gli specialissimi!,2021-06-08,2021-06-22,1,Conad,Iper e super
768,Gli specialissimi!,2021-06-09,2021-06-23,1,Conad City,Iper e super
769,Gli specialissimi!,2021-06-10,2021-06-24,1,Conad Superstore,Iper e super
770,Gli specialissimi!,2021-06-11,2021-06-25,1,Conad Ipermercato,Iper e super
771,Gli specialissimi!,2021-06-12,2021-06-26,1,Margherita Conad,Iper e super
8,Tanti prodotti al 50%,2021-06-13,2021-06-27,1,Conad,Iper e super
9,Tanti prodotti al 50%,2021-06-14,2021-06-28,1,Conad,Iper e super
11,Tanti prodotti al 50%,2021-06-15,2021-06-29,1,Conad,Iper e super
50,Sotto costo,2021-06-16,2021-06-30,1,Margherita Conad,Iper e super
51,Sotto costo,2021-06-17,2021-07-01,1,Margherita Conad,Iper e super
52,Sotto costo,2021-06-18,2021-07-02,1,Margherita Conad,Iper e super
66,Sotto costo,2021-06-19,2021-07-03,1,Conad City,Iper e super
72,Sotto costo,2021-06-20,2021-07-04,1,Conad City,Iper e super
74,Sotto costo,2021-06-21,2021-07-05,1,Conad City,Iper e super
76,Grandi marche al 50%,2021-06-22,2021-07-06,1,Conad Ipermercato,Iper e super
77,Grandi marche al 50%,2021-06-23,2021-07-07,1,Conad Ipermercato,Iper e super
78,Offerte Conad Ipermercato,2021-06-24,2021-07-08,1,Conad Ipermercato,Iper e super
79,Offerte Conad Ipermercato,2021-06-25,2021-07-09,1,Conad Ipermercato,Iper e super
80,Grandi marche al 50%,2021-06-26,2021-07-10,1,Conad Ipermercato,Iper e super
81,Grandi marche al 50%,2021-06-27,2021-07-11,1,Conad Ipermercato,Iper e super
82,Offerte Conad Ipermercato,2021-06-28,2021-07-12,1,Conad Ipermercato,Iper e super
83,Offerte Conad Ipermercato,2021-06-29,2021-07-13,1,Conad Ipermercato,Iper e super
84,Offerte Conad Ipermercato,2021-06-30,2021-07-14,1,Conad Ipermercato,Iper e super
85,Grandi marche al 50%,2021-07-01,2021-07-15,1,Conad Ipermercato,Iper e super
86,Grandi marche al 50%,2021-07-02,2021-07-16,1,Conad Ipermercato,Iper e super
91,Offerte Conad Superstore,2021-07-03,2021-07-17,1,Conad Superstore,Iper e super
95,Tanti prodotti al 50%,2021-07-04,2021-07-18,1,Conad Superstore,Iper e super
97,Tanti prodotti al 50%,2021-07-05,2021-07-19,1,Conad Superstore,Iper e super
98,Tanti prodotti al 50%,2021-07-06,2021-07-20,1,Conad Superstore,Iper e super
100,Offerte Conad Superstore,2021-07-07,2021-07-21,1,Conad Superstore,Iper e super
102,Offerte Conad Superstore,2021-07-08,2021-07-22,1,Conad Superstore,Iper e super
103,Offerte Conad Superstore,2021-07-09,2021-07-23,1,Conad Superstore,Iper e super
104,Offerte Conad Superstore,2021-07-10,2021-07-24,1,Conad Superstore,Iper e super
107,Obiettivo convenienza,2021-07-11,2021-07-25,1,Coop,Iper e super
108,Obiettivo convenienza,2021-07-12,2021-07-26,1,Coop,Iper e super
109,Obiettivo convenienza,2021-07-13,2021-07-27,1,Coop,Iper e super
110,Obiettivo convenienza,2021-07-14,2021-07-28,1,Coop,Iper e super
111,Obiettivo convenienza,2021-07-15,2021-07-29,1,Coop,Iper e super
112,Obiettivo convenienza,2021-07-16,2021-07-30,1,Coop,Iper e super
113,Obiettivo convenienza,2021-07-17,2021-07-31,1,Coop,Iper e super
114,Obiettivo convenienza,2021-07-18,2021-08-01,1,Coop,Iper e super
115,3x2,2021-07-19,2021-08-02,0,Coop,Iper e super
116,3x2,2021-07-20,2021-08-03,0,Coop,Iper e super
117,Obiettivo convenienza,2021-07-21,2021-08-04,1,Coop,Iper e super
118,Obiettivo convenienza,2021-07-22,2021-08-05,1,Coop,Iper e super
119,Obiettivo convenienza,2021-07-23,2021-08-06,1,Coop,Iper e super
120,Obiettivo convenienza,2021-07-24,2021-08-07,1,Coop,Iper e super
121,Obiettivo convenienza,2021-07-25,2021-08-08,1,Coop,Iper e super
122,Obiettivo convenienza,2021-07-26,2021-08-09,1,Coop,Iper e super
123,Obiettivo convenienza,2021-07-27,2021-08-10,1,Coop,Iper e super
124,Obiettivo convenienza,2021-07-28,2021-08-11,1,Coop,Iper e super
125,Obiettivo convenienza,2021-07-29,2021-08-12,1,Coop,Iper e super
126,Obiettivo convenienza,2021-07-30,2021-08-13,1,Coop,Iper e super
127,Obiettivo convenienza,2021-07-31,2021-08-14,1,Coop,Iper e super
128,Obiettivo convenienza,2021-08-01,2021-08-15,1,Coop,Iper e super
129,Obiettivo convenienza,2021-08-02,2021-08-16,1,Coop,Iper e super
130,Obiettivo convenienza,2021-08-03,2021-08-17,1,Coop,Iper e super
131,Obiettivo convenienza,2021-08-04,2021-08-18,1,Coop,Iper e super
132,Obiettivo convenienza,2021-08-05,2021-08-19,1,Coop,Iper e super
133,Obiettivo convenienza,2021-08-06,2021-08-20,1,Coop,Iper e super
134,Obiettivo convenienza,2021-08-07,2021-08-21,1,Coop,Iper e super
135,Obiettivo convenienza,2021-08-08,2021-08-22,1,Coop,Iper e super
136,Obiettivo convenienza,2021-08-09,2021-08-23,1,Coop,Iper e super
137,Obiettivo convenienza,2021-08-10,2021-08-24,1,Coop,Iper e super
138,3x2,2021-08-11,2021-08-25,0,Coop,Iper e super
139,Obiettivo convenienza,2021-08-12,2021-08-26,1,Coop,Iper e super
140,Obiettivo convenienza,2021-08-13,2021-08-27,1,Coop,Iper e super
141,Obiettivo convenienza,2021-08-14,2021-08-28,1,Coop,Iper e super
142,Obiettivo convenienza,2021-08-15,2021-08-29,1,Coop,Iper e super
143,3x2,2021-08-16,2021-08-30,0,Coop,Iper e super
144,Obiettivo convenienza,2021-08-17,2021-08-31,1,Coop,Iper e super
145,Obiettivo convenienza,2021-08-18,2021-09-01,1,Coop,Iper e super
146,Obiettivo convenienza,2021-08-19,2021-09-02,1,Coop,Iper e super
147,Obiettivo convenienza,2021-08-20,2021-09-03,1,Coop,Iper e super
148,Obiettivo convenienza,2021-08-21,2021-09-04,1,Coop,Iper e super
149,Obiettivo convenienza,2021-08-22,2021-09-05,1,Coop,Iper e super
150,Obiettivo convenienza,2021-08-23,2021-09-06,1,Coop,Iper e super
151,Obiettivo convenienza,2021-08-24,2021-09-07,1,Coop,Iper e super
152,Obiettivo convenienza,2021-08-25,2021-09-08,1,Coop,Iper e super
153,Obiettivo convenienza,2021-08-26,2021-09-09,1,Coop,Iper e super
154,Obiettivo convenienza,2021-08-27,2021-09-10,1,Coop,Iper e super
155,Obiettivo convenienza,2021-08-28,2021-09-11,1,Coop,Iper e super
156,Obiettivo convenienza,2021-08-29,2021-09-12,1,Coop,Iper e super
157,Obiettivo convenienza,2021-08-30,2021-09-13,1,Coop,Iper e super
158,Obiettivo convenienza,2021-08-31,2021-09-14,1,Coop,Iper e super
159,Obiettivo convenienza,2021-08-31,2022-08-31,1,Coop,Iper e super
160,Obiettivo convenienza,2021-08-31,2022-09-01,1,Coop,Iper e super
161,Obiettivo convenienza,2021-08-31,2022-09-02,1,Coop,Iper e super
162,Dal 3 al 16 maggio,2021-08-31,2022-09-03,1,Coop,Iper e super
163,Obiettivo convenienza,2021-08-31,2022-09-04,1,Coop,Iper e super
164,Obiettivo convenienza,2021-08-31,2022-09-05,1,Coop,Iper e super
165,Obiettivo convenienza,2021-08-31,2022-09-06,1,Coop,Iper e super
166,Obiettivo convenienza,2021-08-31,2022-09-07,1,Coop,Iper e super
167,Obiettivo convenienza,2021-08-31,2022-09-08,1,Coop,Iper e super
168,Obiettivo convenienza,2021-08-31,2022-09-09,1,Coop,Iper e super
169,Obiettivo convenienza,2021-08-31,2022-09-10,1,Coop,Iper e super
170,Obiettivo convenienza,2021-08-31,2022-09-11,1,Coop,Iper e super
171,Obiettivo convenienza,2021-08-31,2022-09-12,1,Coop,Iper e super
172,Obiettivo convenienza,2021-08-31,2022-09-13,1,Coop,Iper e super
173,Obiettivo convenienza,2021-08-31,2022-09-14,1,Coop,Iper e super
174,Obiettivo convenienza,2021-08-31,2022-09-15,1,Coop,Iper e super
175,Obiettivo convenienza,2021-08-31,2022-09-16,1,Coop,Iper e super
176,Obiettivo convenienza,2021-08-31,2022-09-17,1,Coop,Iper e super
177,Obiettivo convenienza,2021-08-31,2022-09-18,1,Coop,Iper e super
178,Obiettivo convenienza,2021-08-31,2022-09-19,1,Coop,Iper e super
179,Obiettivo convenienza,2021-08-31,2022-09-20,1,Coop,Iper e super
180,Dal 3 al 16 maggio,2021-08-31,2022-09-21,1,Coop,Iper e super
181,Obiettivo convenienza,2021-08-31,2022-09-22,1,Coop,Iper e super
182,Obiettivo convenienza,2021-08-31,2022-09-23,1,Coop,Iper e super
183,Obiettivo convenienza,2021-08-31,2022-09-24,1,Coop,Iper e super
184,Obiettivo convenienza,2021-08-31,2022-09-25,1,Coop,Iper e super
185,Promozione valida da oggi al 16 maggio 2018,2021-08-31,2022-09-26,1,Ferdico,Cura casa e corpo
225,Prezzi bassi sempre,2021-08-31,2022-09-27,1,Emmepiù,Iper e super
226,Freschi per passione,2021-08-31,2022-09-28,1,Si con Te,Iper e super
227,Freschi per passione,2021-08-31,2022-09-29,1,Si con Te,Iper e super
237,Dal 3 al 16 maggio 2018,2021-08-31,2022-09-30,1,Coop,Iper e super
249,Risparmio & qualità,2021-08-31,2022-10-01,1,Famila,Iper e super
250,Sconti 30% 40% 50%,2021-08-31,2022-10-02,1,Migross Supermercati & Market,Iper e super
252,1+1 gratis,2021-08-31,2022-10-03,1,Migross Superstore,Iper e super
257,Affari a partire da... 1€ 2€ 3€,2021-08-31,2022-10-04,1,Sermark,Iper e super
258,Affari a partire da... 1€ 2€ 3€,2021-08-31,2022-10-05,1,Iperal,Iper e super
259,Affari a partire da... 1€ 2€ 3€,2021-08-31,2022-10-06,1,Iperal,Iper e super
261,Affari a partire da... 1€ 2€ 3€,2021-08-31,2022-10-07,1,Iperal,Iper e super
262,Affari a partire da... 1€ 2€ 3€,2021-08-31,2022-10-08,1,Iperal,Iper e super
264,Affari a partire da... 1€ 2€ 3€,2021-08-31,2022-10-09,1,Iperal,Iper e super
267,Affari a partire da... 1€ 2€ 3€,2021-08-31,2022-10-10,1,Iperal,Iper e super
268,Affari a partire da... 1€ 2€ 3€,2021-08-31,2022-10-11,1,Iperal,Iper e super
270,Affari a partire da... 1€ 2€ 3€,2021-08-31,2022-10-12,1,Iperal,Iper e super
271,Affari a partire da... 1€ 2€ 3€,2021-08-31,2022-10-13,1,Iperal,Iper e super
276,Festa del giardino!,2021-08-31,2022-10-14,1,JYSK,Arredamento
299,Alta convenienza,2021-08-31,2022-10-15,1,Interspar,Iper e super
301,Offerte valide dal 3 al 16 maggio 2018,2021-08-31,2022-10-16,1,Interspar,Iper e super
303,Fai risplendere la tua bellezza,2021-08-31,2022-10-17,1,Interspar,Iper e super
310,Maxi Risparmio,2021-08-31,2022-10-18,1,Interspar,Iper e super
311,Maxi Risparmio,2021-08-31,2022-10-19,1,Interspar,Iper e super
312,Maxi Risparmio,2021-08-31,2022-10-20,1,Interspar,Iper e super
313,Maxi Risparmio,2021-08-31,2022-10-21,1,Interspar,Iper e super
314,Maxi Risparmio,2021-08-31,2022-10-22,1,Interspar,Iper e super
315,Sottocosto,2021-08-31,2022-10-23,1,Coop,Iper e super
316,Missione risparmio,2021-08-31,2022-10-24,1,Coop,Iper e super
317,Maxi Risparmio,2021-08-31,2022-10-25,1,Interspar,Iper e super
318,Maxi Risparmio,2021-08-31,2022-10-26,1,Interspar,Iper e super
319,Maxi Risparmio,2021-08-31,2022-10-27,1,Interspar,Iper e super
320,Maxi Risparmio,2021-08-31,2022-10-28,1,Interspar,Iper e super
321,Maxi Risparmio,2021-08-31,2022-10-29,1,Interspar,Iper e super
322,Alta convenienza,2021-08-31,2022-10-30,1,Interspar,Iper e super
323,Il grande festival dei vestiti,2021-08-31,2022-10-31,1,NKD,Sport e Moda
328,Dal 3 al 16 maggio 2018,2021-08-31,2022-11-01,1,Famila,Iper e super
330,Dal 3 al 16 maggio 2018,2021-08-31,2022-11-02,1,Famila,Iper e super
331,Dal 3 al 16 maggio 2018,2021-08-31,2022-11-03,1,Famila,Iper e super
367,Sconti fino al 50% Ama,2021-08-31,2022-11-04,1,Crai,Iper e super
368,Sconti 30% 40% 50%,2021-08-31,2022-11-05,1,Sigma,Iper e super
371,Sconti fino al 50% Ama,2021-08-31,2022-11-06,1,Crai,Iper e super
374,Sconti 30% 40% 50%,2021-08-31,2022-11-07,1,Sigma,Iper e super
375,Sconti 30% 40% 50%,2021-08-31,2022-11-08,1,Sigma,Iper e super
381,Sconti 30% 40% 50%,2021-08-31,2022-11-09,1,Superday,Iper e super
382,Sconti 30% 40% 50%,2021-08-31,2022-11-10,1,Superday,Iper e super
403,Offerte IperSigma,2021-08-31,2022-11-11,1,Sigma,Iper e super
406,Sconti fino al 50% Ama,2021-08-31,2022-11-12,1,Crai,Iper e super
407,Offerte Maxi Coal,2021-08-31,2022-11-13,1,Coal,Iper e super
408,Offerte Sigma,2021-08-31,2022-11-14,1,Sigma,Iper e super
409,Offerte Supermercato Coal,2021-08-31,2022-11-15,1,Coal,Iper e super
410,Sconti fino al 50% Ama,2021-08-31,2022-11-16,1,Crai,Iper e super
411,Offerte Superstore Coal,2021-08-31,2022-11-17,1,Coal,Iper e super
417,Sconti fino al 50% Ama,2021-08-31,2022-11-18,1,Crai,Iper e super
420,Sconti fino al 50% Ama,2021-08-31,2022-11-19,1,Crai,Iper e super
424,Sotto costo 46° anniversario,2021-08-31,2022-11-20,1,Il Gigante,Iper e super
427,Dal 3 al 16 maggio 2018,2021-08-31,2022-11-21,1,Doc,Iper e super
428,Dal 3 al 16 maggio 2018,2021-08-31,2022-11-22,1,Doc,Iper e super
429,Dal 3 al 16 maggio 2018,2021-08-31,2022-11-23,1,Doc,Iper e super
430,"Tante offerte a 0,50€ 1€ ",2021-08-31,2022-11-24,1,Simply Market,Iper e super
432,"Tante offerte a 0,50€ 1€ ",2021-08-31,2022-11-25,1,IperSimply,Iper e super
436,Gli specialisti delle offerte,2021-08-31,2022-11-26,1,Moderna Cash,Iper e super
445,Dal 3 al 16 maggio 2018,2021-08-31,2022-11-27,1,Coop,Iper e super
446,Dal 3 al 16 maggio 2018,2021-08-31,2022-11-28,1,Coop,Iper e super
447,Dal 3 al 16 maggio 2018,2021-08-31,2022-11-29,1,Coop,Iper e super
449,Dal 3 al 16 maggio 2018,2021-08-31,2022-11-30,1,Coop,Iper e super
482,Sottocosto,2021-08-31,2022-12-01,1,Coop,Iper e super
512,Conviene,2021-08-31,2022-12-02,1,Coop,Iper e super
513,Conviene,2021-08-31,2022-12-03,1,Coop,Iper e super
514,Tutto a..,2021-08-31,2022-12-04,1,Coop,Iper e super
515,Conviene,2021-08-31,2022-12-05,1,Coop,Iper e super
516,Tutto a..,2021-08-31,2022-12-06,1,Coop,Iper e super
517,Conviene,2021-08-31,2022-12-07,1,Coop,Iper e super
518,Conviene,2021-08-31,2022-12-08,1,Coop,Iper e super
519,Tutto a..,2021-08-31,2022-12-09,1,Coop,Iper e super
520,Conviene,2021-08-31,2022-12-10,1,Coop,Iper e super
521,Conviene,2021-08-31,2022-12-11,1,Coop,Iper e super
522,Tutto a..,2021-08-31,2022-12-12,1,Coop,Iper e super
523,Tutto a..,2021-08-31,2022-12-13,1,Coop,Iper e super
524,Conviene,2021-08-31,2022-12-14,1,Coop,Iper e super
525,Tutto a..,2021-08-31,2022-12-15,1,Coop,Iper e super
526,Conviene,2021-08-31,2022-12-16,1,Coop,Iper e super
527,Conviene,2021-08-31,2022-12-17,1,Coop,Iper e super
528,Conviene,2021-08-31,2022-12-18,1,Coop,Iper e super
529,Tutto a..,2021-08-31,2022-12-19,1,Coop,Iper e super
530,Tutto a..,2021-08-31,2022-12-20,1,Coop,Iper e super
531,Tutto a..,2021-08-31,2022-12-21,1,Coop,Iper e super
532,Tutto a..,2021-08-31,2022-12-22,1,Coop,Iper e super
533,Tutto a..,2021-08-31,2022-12-23,1,Coop,Iper e super
534,Tutto a..,2021-08-31,2022-12-24,1,Coop,Iper e super
535,Dal 3 al 16 maggio,2021-08-31,2022-12-25,1,Coop,Iper e super
538,Offerte Supermac,2021-08-31,2022-12-26,1,Supermac,Iper e super
542,Offerte dal 3 al 16 maggio 2018,2021-08-31,2022-12-27,1,Spak,Iper e super
548,Sconti fino al 50%,2021-08-31,2022-12-28,1,Iperpan,Iper e super
555,Sconti fino al 50%,2021-08-31,2022-12-29,1,Superpan,Iper e super
559,Una spesa incredibilmente conveniente,2021-08-31,2022-12-30,1,Premium Supermercati,Iper e super
560,Grandi marche al 50%,2021-08-31,2022-12-31,1,Esselunga,Iper e super
561,Grandi marche al 50%,2021-08-31,2023-01-01,1,Esselunga,Iper e super
562,Grandi marche al 50%,2021-08-31,2023-01-02,1,Esselunga,Iper e super
563,Grandi marche al 50%,2021-08-31,2023-01-03,1,Esselunga,Iper e super
564,Grandi marche al 50%,2021-08-31,2023-01-04,1,Esselunga,Iper e super
565,Grandi marche al 50%,2021-08-31,2023-01-05,1,Esselunga,Iper e super
566,Convenienza e benessere,2021-08-31,2023-01-06,1,Extra Supermercati,Iper e super
568,Speciale Sardegna,2021-08-31,2023-01-07,1,Despar,Iper e super
569,Speciale Sardegna,2021-08-31,2023-01-08,1,Eurospar,Iper e super
585,Sconti fino al 50% sulle grandi marche,2021-08-31,2023-01-09,1,Crai,Iper e super
586,Offerte Crai Extra,2021-08-31,2023-01-10,1,Crai,Iper e super
587,Sconti fino al 50%,2021-08-31,2023-01-11,1,Emi,Iper e super
588,Sconti fino al 50%,2021-08-31,2023-01-12,1,Emi,Iper e super
589,Sconti fino al 50%,2021-08-31,2023-01-13,1,Emi,Iper e super
590,Sconti fino al 50%,2021-08-31,2023-01-14,1,Emi,Iper e super
591,Sconti fino al 50%,2021-08-31,2023-01-15,1,Emi,Iper e super
592,Offerte Crai Extra,2021-08-31,2023-01-16,1,Crai,Iper e super
593,Maxi convenienza,2021-08-31,2023-01-17,1,Hardis,Discount
594,Offerte Crai Extra,2021-08-31,2023-01-18,1,Crai,Iper e super
596,Prezzi bassi,2021-08-31,2023-01-19,1,Alì e Alìper,Iper e super
597,Grandi sconti,2021-08-31,2023-01-20,1,Crai,Iper e super
598,Grandi sconti,2021-08-31,2023-01-21,1,Crai,Iper e super
599,Grandi sconti,2021-08-31,2023-01-22,1,Crai,Iper e super
600,Grabdi sconti,2021-08-31,2023-01-23,1,Crai,Iper e super
601,Grandi sconti,2021-08-31,2023-01-24,1,Crai,Iper e super
602,Sconti fino al 50% sulle grandi marche,2021-08-31,2023-01-25,1,Crai,Iper e super
603,Sconti fino al 50% sulle grandi marche,2021-08-31,2023-01-26,1,Crai,Iper e super
604,Sconti fino al 50% sulle grandi marche,2021-08-31,2023-01-27,1,Crai,Iper e super
605,Sconti fino al 50% sulle grandi marche,2021-08-31,2023-01-28,1,Crai,Iper e super
606,Offerte Crai Simpatia,2021-08-31,2023-01-29,1,Crai,Iper e super
607,Sconti fino al 50% sulle grandi marche,2021-08-31,2023-01-30,1,Crai,Iper e super
608,Sconti fino al 50% sulle grandi marche,2021-08-31,2023-01-31,1,Crai,Iper e super
609,Sconti fino al 50% sulle grandi marche,2021-08-31,2023-02-01,1,Crai,Iper e super
610,Sconti fino al 50% sulle grandi marche,2021-08-31,2023-02-02,1,Crai,Iper e super
611,Sconti fino al 50% sulle grandi marche,2021-08-31,2023-02-03,1,Crai,Iper e super
612,Festa della convenienza,2021-08-31,2023-02-04,1,Crai,Iper e super
613,Taglia la spesa!,2021-08-31,2023-02-05,1,Sisa,Iper e super
614,Da Crai atterra la convenienza,2021-08-31,2023-02-06,1,Crai,Iper e super
615,Sconti fino al 50% sulle grandi marche,2021-08-31,2023-02-07,1,Crai,Iper e super
616,Sconti fino al 50% sulle grandi marche,2021-08-31,2023-02-08,1,Crai,Iper e super
617,Taglia la spesa!,2021-08-31,2023-02-09,1,Sisa,Iper e super
618,Taglia la spesa!,2021-08-31,2023-02-10,1,Sisa,Iper e super
619,Offerte Crai Extra,2021-08-31,2023-02-11,1,Crai,Iper e super
620,Sconti fino al 50% sulle grandi marche,2021-08-31,2023-02-12,1,Crai,Iper e super
621,Sconti fino al 50% sulle grandi marche,2021-08-31,2023-02-13,1,IperBon Crai,Iper e super
622,Sconti fino al 50% sulle grandi marche,2021-08-31,2023-02-14,1,IperBon Crai,Iper e super
623,Sconti fino al 50% sulle grandi marche,2021-08-31,2023-02-15,1,Crai,Iper e super
627,Sconti fino al 50% sulle grandi marche,2021-08-31,2023-02-16,1,Crai,Iper e super
630,Sconti fino al 50% sulle grandi marche,2021-08-31,2023-02-17,1,Crai,Iper e super
631,Il vero risparmio,2021-08-31,2023-02-18,1,Centro Commerciale Discount,Discount
634,Sotto costo sui freschissimi!,2021-08-31,2023-02-19,1,Despar,Iper e super
635,Sotto costo sui freschissimi!,2021-08-31,2023-02-20,1,Eurospar,Iper e super
636,Sotto costo sui freschissimi!,2021-08-31,2023-02-21,1,Interspar,Iper e super
637,Offerte da 3 al 16 maggio,2021-08-31,2023-02-22,1,Super Risparmioso,Iper e super
638,"Tutto a 1€, 2€, 3€",2021-08-31,2023-02-23,1,Gran Mercato,Iper e super
655,Grandi marche fino al 50%,2021-08-31,2023-02-24,1,Carrefour Ipermercati,Iper e super
656,Grandi marche fino al 50%,2021-08-31,2023-02-25,1,Carrefour Market,Iper e super
657,Offerte valide dal 3 al 16 maggio,2021-08-31,2023-02-26,1,IperSimply,Iper e super
658,Offerte valide dal 3 al 16 maggio,2021-08-31,2023-02-27,1,IperSimply,Iper e super
659,Offerte valide dal 3 al 16 maggio,2021-08-31,2023-02-28,1,IperSimply,Iper e super
660,Offerte valide dal 3 al 16 maggio,2021-08-31,2023-03-01,1,IperSimply,Iper e super
671,Obiettivo convenienza,2021-08-31,2023-03-02,1,Coop,Iper e super
672,Obiettivo convenienza,2021-08-31,2023-03-03,1,Coop,Iper e super
673,Obiettivo convenienza,2021-08-31,2023-03-04,1,Coop,Iper e super
674,Obiettivo convenienza,2021-08-31,2023-03-05,1,Coop,Iper e super
675,Obiettivo convenienza,2021-08-31,2023-03-06,1,Coop,Iper e super
676,Obiettivo convenienza,2021-08-31,2023-03-07,1,Coop,Iper e super
677,Obiettivo convenienza,2021-08-31,2023-03-08,1,Coop,Iper e super
678,Obiettivo convenienza,2021-08-31,2023-03-09,1,Coop,Iper e super
679,Obiettivo convenienza,2021-08-31,2023-03-10,1,Coop,Iper e super
680,Obiettivo convenienza,2021-08-31,2023-03-11,1,Coop,Iper e super
681,Offerte dal 3 al 16 maggio,2021-08-31,2023-03-12,1,Coop,Iper e super
682,Offerte dal 3 al 16 maggio,2021-08-31,2023-03-13,1,Coop,Iper e super
683,Offerte dal 3 al 16 maggio,2021-08-31,2023-03-14,1,Coop,Iper e super
684,Offerte dal 3 al 16 maggio,2021-08-31,2023-03-15,1,Coop,Iper e super
685,Voglia di freschezza!,2021-08-31,2023-03-16,1,Palmarket,Iper e super
686,1+1,2021-08-31,2023-03-17,1,Elite,Iper e super
688,Offerte dal 3 al 16 maggio 2018,2021-08-31,2023-03-18,1,Maxì,Iper e super
689,Offerte dal 3 al 16 maggio 2018,2021-08-31,2023-03-19,1,Maxì,Iper e super
690,Offerte dal 3 al 16 maggio 2018,2021-08-31,2023-03-20,1,Maxì,Iper e super
691,"Sorridi, è sottocosto.",2021-08-31,2023-03-21,1,Sigma,Iper e super
692,Prezzi tagliati,2021-08-31,2023-03-22,1,Sigma,Iper e super
693,"Sorridi, è sottocosto.",2021-08-31,2023-03-23,1,Sigma,Iper e super
694,Prezzi tagliati,2021-08-31,2023-03-24,1,Sigma,Iper e super
695,Sconti fino al 40%,2021-08-31,2023-03-25,1,Famila,Iper e super
696,1+1,2021-08-31,2023-03-26,1,Coal,Iper e super
697,Sconti fino al 40%,2021-08-31,2023-03-27,1,Famila,Iper e super
699,Fai da te,2021-08-31,2023-03-28,1,Iperal,Iper e super
700,Fino al 16/05,2021-08-31,2023-03-29,1,PosteMobile,Telefonia e Pay TV
701,Offerte valide dal 3 al 16 maggio 2018,2021-08-31,2023-03-30,1,Despar,Iper e super
703,Sconti fino al 40%,2021-08-31,2023-03-31,1,Famila Superstore,Iper e super
725,Risparmio fino al 50%,2021-08-31,2023-04-01,1,A&O,Iper e super
728,La qualità di una spesa felice,2021-08-31,2023-04-02,1,Mio Market,Iper e super
787,Sottocosto,2021-08-31,2023-04-03,1,Coop,Iper e super
793,S2S - Offerte Super Risparmioso,2021-08-31,2023-04-04,1,Super Risparmioso,Iper e super
305,1 2 3 risparmio,2021-08-31,2023-04-05,1,Tigre,Iper e super
308,1 2 3 risparmio,2021-08-31,2023-04-06,1,Tigre,Iper e super
383,e-Bike e-Bonus,2021-08-31,2023-04-07,1,Sportler,Sport e Moda
662,Happy sconti a tasso zero!,2021-08-31,2023-04-08,1,Unieuro,Elettronica
723,Sconti fino al 50% sulle grandi marche,2021-08-31,2023-04-09,1,Crai,Iper e super
739,e-Bike e-Bonus,2021-08-31,2023-04-10,1,Sportler,Sport e Moda
670,Profumo di sconti,2021-08-31,2023-04-11,1,Cipi Cash&Carry,Iper e super
47,Mom's day,2021-08-31,2023-04-12,1,Ingroshop,Cura casa e corpo
289,"Igiene, bellezza e convenienza",2021-08-31,2023-04-13,1,BeautyTu,Cura casa e corpo
46,Mamma...che occasione!,2021-08-31,2023-04-14,1,LillaPois,Cura casa e corpo
48,Mamma...che occasione!,2021-08-31,2023-04-15,1,LillaPois,Cura casa e corpo
53,Mamma...che occasione!,2021-08-31,2023-04-16,1,LillaPois,Cura casa e corpo
265,Il più grande brico italiano professionale,2021-08-31,2023-04-17,0,Ottimax,Bricolage
306,Beeilen sie sich! Affrettati!,2021-08-31,2023-04-18,1,Interspar,Iper e super
307,Affrettati!,2021-08-31,2023-04-19,1,Interspar,Iper e super
425,Cosi comodo la spesa fatta in casa,2021-08-31,2023-04-20,1,Il Gigante,Iper e super
480,"Maggio, sconti all'arrembaggio!",2021-08-31,2023-04-21,1,Brico ok,Bricolage
639,Speciale inaugurazione piscine / piante / casa,2021-08-31,2023-04-22,1,Il Faidate Guercio,Bricolage
651,Il colore del risparmio,2021-08-31,2023-04-23,1,Azzurro Convenienza,Cura casa e corpo
713,Fresh mania,2021-08-31,2023-04-24,1,MediaWorld,Elettronica
715,Fresh mania,2021-08-31,2023-04-25,0,MediaWorld,Elettronica
309,Apre Tigre,2021-08-31,2023-04-26,1,Tigre,Iper e super
272,Nuova grande apertura Crema,2021-08-31,2023-04-27,1,Euronics,Elettronica
273,Smart facile a tasso zero,2021-08-31,2023-04-28,1,Euronics,Elettronica
275,Regalo pazzesco!,2021-08-31,2023-04-29,1,Euronics,Elettronica
277,Da Trony prendi 3 paghi 2,2021-08-31,2023-04-30,0,Trony,Elettronica
279,Scopri le ultime offerte Trony,2021-08-31,2023-05-01,1,Trony,Elettronica
282,Scopri le ultime offerte Trony,2021-08-31,2023-05-02,1,Trony,Elettronica
285,Da Trony prendi 3 paghi 2,2021-08-31,2023-05-03,1,Trony,Elettronica
288,Da Trony prendi 3 paghi 2,2021-08-31,2023-05-04,1,Trony,Elettronica
300,Scopri le ultime offerte Trony,2021-08-31,2023-05-05,1,Trony,Elettronica
404,Abbinata vincente,2021-08-31,2023-05-06,1,Euronics,Elettronica
412,Smart facile a tasso zero,2021-08-31,2023-05-07,1,Euronics,Elettronica
413,Da Trony prendi 3 paghi 2,2021-08-31,2023-05-08,1,Trony,Elettronica
414,Da Trony prendi 3 paghi 2,2021-08-31,2023-05-09,1,Trony,Elettronica
415,Da Trony prendi 3 paghi 2,2021-08-31,2023-05-10,1,Trony,Elettronica
416,Da Trony prendi 3 paghi 2,2021-08-31,2023-05-11,1,Trony,Elettronica
418,Da Trony prendi 3 paghi 2,2021-08-31,2023-05-12,1,Trony,Elettronica
419,Da Trony prendi 3 paghi 2,2021-08-31,2023-05-13,1,Trony,Elettronica
421,Da Trony prendi 3 paghi 2,2021-08-31,2023-05-14,1,Trony,Elettronica
422,Da Trony prendi 3 paghi 2,2021-08-31,2023-05-15,1,Trony,Elettronica
437,Da Trony prendi 3 paghi 2,2021-08-31,2023-05-16,1,Trony,Elettronica
438,Da Trony prendi 3 paghi 2,2021-08-31,2023-05-17,1,Trony,Elettronica
439,Da Trony prendi 3 paghi 2,2021-08-31,2023-05-18,1,Trony,Elettronica
440,Da Trony prendi 3 paghi 2,2021-08-31,2023-05-19,1,Trony,Elettronica
441,Da Trony prendi 3 paghi 2,2021-08-31,2023-05-20,1,Trony,Elettronica
442,Da Trony prendi 3 paghi 2,2021-08-31,2023-05-21,1,Trony,Elettronica
448,Da Trony prendi 3 paghi 2,2021-08-31,2023-05-22,1,Trony,Elettronica
483,Da Trony prendi 3 paghi 2,2021-08-31,2023-05-23,1,Trony,Elettronica
484,Da Trony prendi 3 paghi 2,2021-08-31,2023-05-24,1,Trony,Elettronica
485,Da Trony prendi 3 paghi 2,2021-08-31,2023-05-25,1,Trony,Elettronica
487,Da Trony prendi 3 paghi 2,2021-08-31,2023-05-26,1,Trony,Elettronica
488,Da Trony prendi 3 paghi 2,2021-08-31,2023-05-27,1,Trony,Elettronica
489,Da Trony prendi 3 paghi 2,2021-08-31,2023-05-28,1,Trony,Elettronica
491,Da Trony prendi 3 paghi 2,2021-08-31,2023-05-29,1,Trony,Elettronica
492,Da Trony prendi 3 paghi 2,2021-08-31,2023-05-30,1,Trony,Elettronica
493,Da Trony prendi 3 paghi 2,2021-08-31,2023-05-31,1,Trony,Elettronica
494,Da Trony prendi 3 paghi 2,2021-08-31,2023-06-01,1,Trony,Elettronica
495,Da Trony prendi 3 paghi 2,2021-08-31,2023-06-02,1,Trony,Elettronica
496,Da Trony prendi 3 paghi 2,2021-08-31,2023-06-03,1,Trony,Elettronica
497,Da Trony prendi 3 paghi 2,2021-08-31,2023-06-04,1,Trony,Elettronica
498,Da Trony prendi 3 paghi 2,2021-08-31,2023-06-05,1,Trony,Elettronica
499,Da Trony prendi 3 paghi 2,2021-08-31,2023-06-06,1,Trony,Elettronica
500,Da Trony prendi 3 paghi 2,2021-08-31,2023-06-07,1,Trony,Elettronica
501,Da Trony prendi 3 paghi 2,2021-08-31,2023-06-08,1,Trony,Elettronica
502,Da Trony prendi 3 paghi 2,2021-08-31,2023-06-09,1,Trony,Elettronica
503,Da Trony prendi 3 paghi 2,2021-08-31,2023-06-10,1,Trony,Elettronica
504,Da Trony prendi 3 paghi 2,2021-08-31,2023-06-11,1,Trony,Elettronica
505,Da Trony prendi 3 paghi 2,2021-08-31,2023-06-12,1,Trony,Elettronica
506,Da Trony prendi 3 paghi 2,2021-08-31,2023-06-13,1,Trony,Elettronica
507,Da Trony prendi 3 paghi 2,2021-08-31,2023-06-14,1,Trony,Elettronica
508,Da Trony prendi 3 paghi 2,2021-08-31,2023-06-15,1,Trony,Elettronica
509,Da Trony prendi 3 paghi 2,2021-08-31,2023-06-16,1,Trony,Elettronica
510,Da Trony prendi 3 paghi 2,2021-08-31,2023-06-17,1,Trony,Elettronica
511,Da Trony prendi 3 paghi 2,2021-08-31,2023-06-18,1,Trony,Elettronica
539,Da Trony prendi 3 paghi 2,2021-08-31,2023-06-19,1,Trony,Elettronica
540,Da Trony prendi 3 paghi 2,2021-08-31,2023-06-20,1,Trony,Elettronica
541,Da Trony prendi 3 paghi 2,2021-08-31,2023-06-21,1,Trony,Elettronica
543,Da Trony prendi 3 paghi 2,2021-08-31,2023-06-22,1,Trony,Elettronica
544,Da Trony prendi 3 paghi 2,2021-08-31,2023-06-23,1,Trony,Elettronica
545,Da Trony prendi 3 paghi 2,2021-08-31,2023-06-24,1,Trony,Elettronica
546,Da Trony prendi 3 paghi 2,2021-08-31,2023-06-25,1,Trony,Elettronica
547,Da Trony prendi 3 paghi 2,2021-08-31,2023-06-26,1,Trony,Elettronica
624,Da Trony prendi 3 paghi 2,2021-08-31,2023-06-27,1,Trony,Elettronica
625,Da Trony prendi 3 paghi 2,2021-08-31,2023-06-28,1,Trony,Elettronica
626,Da Trony prendi 3 paghi 2,2021-08-31,2023-06-29,1,Trony,Elettronica
628,Sotto costo,2021-08-31,2023-06-30,1,Euronics,Elettronica
633,Il tuo scudo multi-azione,2021-08-31,2023-07-01,1,Yves Rocher,Salute e Benessere
640,La convenienza è di casa!,2021-08-31,2023-07-02,1,Grancasa,Arredamento
661,Sotto costo,2021-08-31,2023-07-03,1,Ipercoop,Iper e super
663,Sconti a tasso zero,2021-08-31,2023-07-04,1,Euronics,Elettronica
702,Incentiviamo,2021-08-31,2023-07-05,1,Euronics,Elettronica
730,Bellezza e benessere,2021-08-31,2023-07-06,1,Italmark,Iper e super
222,Zoogarden in festa,2021-08-31,2023-07-07,1,IperVerde,Bricolage
223,Vita in giardino,2021-08-31,2023-07-08,1,IperVerde,Bricolage
642,Dura la vita da mamma!,2021-08-31,2023-07-09,1,Caddy's,Cura casa e corpo
664,"Cara mamma, ti voglio bene!",2021-08-31,2023-07-10,1,Caddy's Maxistore,Cura casa e corpo
666,"Cara mamma, ti voglio bene!",2021-08-31,2023-07-11,1,Caddy's Maxistore,Cura casa e corpo
667,"Cara mamma, ti voglio bene!",2021-08-31,2023-07-12,1,Determarket,Cura casa e corpo
698,Offerte dal 3 al 27 maggio 2018,2021-08-31,2023-07-13,1,Elite,Iper e super
780,"Torna maggio, torna l'amore",2021-08-31,2023-07-14,1,Idea Bellezza,Cura casa e corpo
781,Promozione valide dal 5 al 27 maggio 2018,2021-08-31,2023-07-15,1,Idea Bellezza,Cura casa e corpo
44,La carica dei cuccioli,2021-08-31,2023-07-16,1,Pet Store Conad,Animali
644,Voglia di primavera,2021-08-31,2023-07-17,1,Basko,Iper e super
42,La carica dei cuccioli,2021-08-31,2023-07-18,1,Pet Store Conad,Animali
90,Dal 4 al 29 maggio,2021-08-31,2023-07-19,1,Kuadrifoglio,Cura casa e corpo
395,Offerte CuoreBio,2021-08-31,2023-07-20,1,CuoreBio,Iper e super
722,Le grandi offerte di maggio,2021-08-31,2023-07-21,1,NaturaSì,Iper e super
41,La carica dei cuccioli,2021-08-31,2023-07-22,1,Pet Store Conad,Animali
43,La carica dei cuccioli,2021-08-31,2023-07-23,1,Pet Store Conad,Animali
45,La carica dei cuccioli,2021-08-31,2023-07-24,1,Pet Store Conad,Animali
632,Dal 3 al 30 maggio 2018,2021-08-31,2023-07-25,1,Picard,Iper e super
55,Mamma mia che offerte!,2021-08-31,2023-07-26,1,Deter Shop,Cura casa e corpo
186,Territori.coop,2021-08-31,2023-07-27,1,Ipercoop,Iper e super
187,Territori.coop,2021-08-31,2023-07-28,1,Ipercoop,Iper e super
188,Territori.coop,2021-08-31,2023-07-29,1,Ipercoop,Iper e super
189,Territori.coop,2021-08-31,2023-07-30,1,Ipercoop,Iper e super
190,Territori.coop,2021-08-31,2023-07-31,1,Ipercoop,Iper e super
191,Territori.coop,2021-08-31,2023-08-01,1,Ipercoop,Iper e super
192,Territori.coop,2021-08-31,2023-08-02,1,Ipercoop,Iper e super
193,Territori.coop,2021-08-31,2023-08-03,1,Ipercoop,Iper e super
194,Territori.coop,2021-08-31,2023-08-04,1,Ipercoop,Iper e super
195,Territori.coop,2021-08-31,2023-08-05,1,Ipercoop,Iper e super
196,Territori.coop,2021-08-31,2023-08-06,1,Ipercoop,Iper e super
197,Territori.coop,2021-08-31,2023-08-07,1,Ipercoop,Iper e super
198,Territori.coop,2021-08-31,2023-08-08,1,Ipercoop,Iper e super
199,Territori.coop,2021-08-31,2023-08-09,1,Ipercoop,Iper e super
200,Territori.coop,2021-08-31,2023-08-10,1,Ipercoop,Iper e super
201,Territori.coop,2021-08-31,2023-08-11,1,Ipercoop,Iper e super
202,Territori.coop,2021-08-31,2023-08-12,1,Ipercoop,Iper e super
203,Territori.coop,2021-08-31,2023-08-13,1,Ipercoop,Iper e super
204,Territori.coop,2021-08-31,2023-08-14,1,Ipercoop,Iper e super
205,Territori.coop,2021-08-31,2023-08-15,1,Ipercoop,Iper e super
206,Territori.coop,2021-08-31,2023-08-16,1,Ipercoop,Iper e super
207,Territori.coop,2021-08-31,2023-08-17,1,Ipercoop,Iper e super
208,Territori.coop,2021-08-31,2023-08-18,1,Ipercoop,Iper e super
209,Territori.coop,2021-08-31,2023-08-19,1,Ipercoop,Iper e super
210,Territori.coop,2021-08-31,2023-08-20,1,Ipercoop,Iper e super
211,Territori.coop,2021-08-31,2023-08-21,1,Ipercoop,Iper e super
212,Territori.coop,2021-08-31,2023-08-22,1,Ipercoop,Iper e super
213,Territori.coop,2021-08-31,2023-08-23,1,Ipercoop,Iper e super
214,Territori.coop,2021-08-31,2023-08-24,1,Ipercoop,Iper e super
215,Territori.coop,2021-08-31,2023-08-25,1,Ipercoop,Iper e super
216,Territori.coop,2021-08-31,2023-08-26,1,Ipercoop,Iper e super
217,Territori.coop,2021-08-31,2023-08-27,1,Ipercoop,Iper e super
218,Territori.coop,2021-08-31,2023-08-28,1,Ipercoop,Iper e super
219,Territori.coop,2021-08-31,2023-08-29,1,Ipercoop,Iper e super
220,maggio 2018,2021-08-31,2023-08-30,1,É Qui Parafarmacie,Salute e Benessere
251,Le grandi offerte dal 1° al 31 maggio 2018,2021-08-31,2023-08-31,1,Grandi Marche Bio,Iper e super
274,Dall'1 al 31 maggio 2018,2021-08-31,2023-09-01,1,Galassia,Iper e super
343,Partecipa al grande concorso,2021-08-31,2023-09-02,1,Scopri il concorso,Eventi speciali
345,Partecipa al grande concorso,2021-08-31,2023-09-03,1,Scopri il concorso,Eventi speciali
346,Partecipa al grande concorso,2021-08-31,2023-09-04,1,Scopri il concorso,Eventi speciali
347,Partecipa al grande concorso,2021-08-31,2023-09-05,1,Scopri il concorso,Eventi speciali
352,Partecipa al grande concorso,2021-08-31,2023-09-06,1,Scopri il concorso,Eventi speciali
353,Partecipa al grande concorso,2021-08-31,2023-09-07,1,Scopri il concorso,Eventi speciali
354,Partecipa al grande concorso,2021-08-31,2023-09-08,1,Scopri il concorso,Eventi speciali
358,Partecipa al grande concorso,2021-08-31,2023-09-09,1,Scopri il concorso,Eventi speciali
364,Partecipa al grande concorso,2021-08-31,2023-09-10,1,Scopri il concorso,Eventi speciali
365,Partecipa al grande concorso,2021-08-31,2023-09-11,1,Scopri il concorso,Eventi speciali
387,Maggio: le offerte fioriscono!,2021-08-31,2023-09-12,1,Ehiweb,Telefonia e Pay TV
645,Diamoci un taglio!,2021-08-31,2023-09-13,1,TuttoGiardino,Bricolage
647,Diamoci un taglio!,2021-08-31,2023-09-14,1,TuttoGiardino,Bricolage
649,Diamoci un taglio!,2021-08-31,2023-09-15,1,TuttoGiardino,Bricolage
687,Rinnovo reparto cucine,2021-08-31,2023-09-16,1,Mercatone Germanvox,Arredamento
727,maggio 2018,2021-08-31,2023-09-17,1,Farmacia Clemente,Salute e Benessere
737,Kena facile,2021-08-31,2023-09-18,1,Kena Mobile,Telefonia e Pay TV
740,Piccole e medie imprese,2021-08-31,2023-09-19,1,Linkem,Telefonia e Pay TV
757,Prezzo bloccato,2021-08-31,2023-09-20,1,Wind,Elettronica
763,Dall' 11 al 31 maggio 2018,2021-08-31,2023-09-21,1,Sinergy,Elettronica
773,"Di mamma ce n'è una sola di offerte, centinaia",2021-08-31,2023-09-22,1,Iperbimbo,Infanzia e giochi
668,Hobby & casa,2021-08-31,2023-09-23,1,Hobby & Legno,Bricolage
669,Arredo & design,2021-08-31,2023-09-24,1,Hobby & Legno,Bricolage
255,Festa della Mamma,2021-08-31,2023-09-25,0,Sirene Blu,Cura casa e corpo
402,B come bio,2021-08-31,2023-09-26,1,Biobottega,Iper e super
641,Maggio,2021-08-31,2023-09-27,1,Mondadori,Elettronica
733,Doppio sconto,2021-08-31,2023-09-28,1,MobyDick,Animali
734,Cine menu,2021-08-31,2023-09-29,1,Wiener Haus,Ristoranti
736,Euro mania,2021-08-31,2023-09-30,1,100 Montaditos,Ristoranti
443,3 maggio 5 luglio 2018,2021-08-31,2023-10-01,1,+ Medical Parafarmacia,Salute e Benessere
366,I salumi con il sorriso,2021-08-31,2023-10-02,1,Centro Carne,Iper e super
75,sconti,2021-08-31,2023-10-03,1,PerDormire,Arredamento
741,depubblicato,2021-08-31,2023-10-04,0,Bricoman,Bricolage
742,depubblicato,2021-08-31,2023-10-05,0,Bricoman,Bricolage
743,depubblicato,2021-08-31,2023-10-06,0,Bricoman,Bricolage
744,depubblicato,2021-08-31,2023-10-07,0,Bricoman,Bricolage
745,depubblicato,2021-08-31,2023-10-08,0,Bricoman,Bricolage
747,depubblicato,2021-08-31,2023-10-09,0,Bricoman,Bricolage
749,depubblicato,2021-08-31,2023-10-10,0,Bricoman,Bricolage
750,depubblicato,2021-08-31,2023-10-11,0,Bricoman,Bricolage
751,depubblicato,2021-08-31,2023-10-12,0,Bricoman,Bricolage
752,depubblicato,2021-08-31,2023-10-13,0,Bricoman,Bricolage
753,depubblicato,2021-08-31,2023-10-14,0,Bricoman,Bricolage
754,depubblicato,2021-08-31,2023-10-15,0,Bricoman,Bricolage
756,depubblicato,2021-08-31,2023-10-16,0,Bricoman,Bricolage
758,depubblicato,2021-08-31,2023-10-17,0,Bricoman,Bricolage
759,depubblicato,2021-08-31,2023-10-18,0,Bricoman,Bricolage
760,depubblicato,2021-08-31,2023-10-19,0,Bricoman,Bricolage
761,depubblicato,2021-08-31,2023-10-20,0,Bricoman,Bricolage
762,depubblicato,2021-08-31,2023-10-21,0,Bricoman,Bricolage
800,"Tutto per costruire, ristrutturare e fare manutenzione!",2021-08-31,2023-10-22,1,Bricoman,Bricolage
801,"Tutto per costruire, ristrutturare e fare manutenzione!",2021-08-31,2023-10-23,1,Bricoman,Bricolage
802,"Tutto per costruire, ristrutturare e fare manutenzione!",2021-08-31,2023-10-24,1,Bricoman,Bricolage
803,"Tutto per costruire, ristrutturare e fare manutenzione!",2021-08-31,2023-10-25,1,Bricoman,Bricolage
804,"Tutto per costruire, ristrutturare e fare manutenzione!",2021-08-31,2023-10-26,1,Bricoman,Bricolage
805,"Tutto per costruire, ristrutturare e fare manutenzione!",2021-08-31,2023-10-27,1,Bricoman,Bricolage
806,"Tutto per costruire, ristrutturare e fare manutenzione!",2021-08-31,2023-10-28,1,Bricoman,Bricolage
665,New collection spring summer 2018,2021-08-31,2023-10-29,1,Foster,Sport e Moda